<?xml version="1.0" encoding="UTF-8"?>
<project-private xmlns="http://www.netbeans.org/ns/project-private/1">
    <editor-bookmarks xmlns="http://www.netbeans.org/ns/editor-bookmarks/2" lastBookmarkId="0"/>
    <open-files xmlns="http://www.netbeans.org/ns/projectui-open-files/2">
        <group>
            <file>file:/C:/Users/ingry.ROBERTO-PC/OneDrive/Documentos/NetBeansProjects/FirstApp/src/br/app/telas/TelaPrincipal.java</file>
            <file>file:/C:/Users/ingry.ROBERTO-PC/OneDrive/Documentos/NetBeansProjects/FirstApp/src/br/app/telas/TelaLog.java</file>
            <file>file:/C:/Users/ingry.ROBERTO-PC/OneDrive/Documentos/NetBeansProjects/FirstApp/src/br/app/conexoa/ModuloConexao.java</file>
        </group>
    </open-files>
</project-private>
